<?xml version="1.0" encoding="utf-8" ?>
<dwsync>
<file name="bg-p-caction-s.gif" server="squirreltao.dreamfishery.com" local="129160894144928888" remote="129160809000000000" />
<file name="bg-p-caction.gif" server="squirreltao.dreamfishery.com" local="129161238602148888" remote="129161134800000000" />
<file name="bg.jpg" server="squirreltao.dreamfishery.com" local="129160894145028888" remote="129160809000000000" />
<file name="brownbody-r.gif" server="squirreltao.dreamfishery.com" local="129160894145098888" remote="129160809000000000" />
<file name="brownhead-r.gif" server="squirreltao.dreamfishery.com" local="129160894145128888" remote="129160809000000000" />
<file name="bullet.gif" server="squirreltao.dreamfishery.com" local="129160917475288888" remote="129161127000000000" />
<file name="csbbody-l.gif" server="squirreltao.dreamfishery.com" local="129160894145158888" remote="129160809000000000" />
<file name="csbbody-r.gif" server="squirreltao.dreamfishery.com" local="129160894145258888" remote="129160809000000000" />
<file name="csbhead-l.gif" server="squirreltao.dreamfishery.com" local="129160894145268888" remote="129160809000000000" />
<file name="csbhead-r.gif" server="squirreltao.dreamfishery.com" local="129160894145288888" remote="129160809000000000" />
<file name="discussionitem_icon.gif" server="squirreltao.dreamfishery.com" local="129160894145298888" remote="129160809000000000" />
<file name="external.png" server="squirreltao.dreamfishery.com" local="129160894145318888" remote="129160809000000000" />
<file name="fbbody-l.gif" server="squirreltao.dreamfishery.com" local="129160894145328888" remote="129160809000000000" />
<file name="fbbody-r.gif" server="squirreltao.dreamfishery.com" local="129160894145338888" remote="129160809000000000" />
<file name="fbhead-l.gif" server="squirreltao.dreamfishery.com" local="129160894145358888" remote="129160809000000000" />
<file name="fbhead-r.gif" server="squirreltao.dreamfishery.com" local="129160894145528888" remote="129160809000000000" />
<file name="file_icon.gif" server="squirreltao.dreamfishery.com" local="129160894145628888" remote="129160809000000000" />
<file name="go.gif" server="squirreltao.dreamfishery.com" local="129161225955588888" remote="129161121600000000" />
<file name="headbg.jpg" server="squirreltao.dreamfishery.com" local="129160894145658888" remote="129160809000000000" />
<file name="IE50Fixes.css" server="squirreltao.dreamfishery.com" local="129160894145728888" remote="129160809000000000" />
<file name="IE55Fixes.css" server="squirreltao.dreamfishery.com" local="129160894145788888" remote="129160809000000000" />
<file name="ie6.php" server="squirreltao.dreamfishery.com" local="129160894145798888" remote="129160809600000000" />
<file name="IE60Fixes.css" server="squirreltao.dreamfishery.com" local="129160894145848888" remote="129160809600000000" />
<file name="IE70Fixes.css" server="squirreltao.dreamfishery.com" local="129160894145868888" remote="129160809600000000" />
<file name="IE80Fixes.css" server="squirreltao.dreamfishery.com" local="129160894145878888" remote="129160809600000000" />
<file name="IEMacFixes.css" server="squirreltao.dreamfishery.com" local="129160894145948888" remote="129160809600000000" />
<file name="KHTMLFixes.css" server="squirreltao.dreamfishery.com" local="129160894145958888" remote="129160809600000000" />
<file name="link_icon.gif" server="squirreltao.dreamfishery.com" local="129160894145978888" remote="129160809600000000" />
<file name="lock_icon.gif" server="squirreltao.dreamfishery.com" local="129160894145988888" remote="129160809600000000" />
<file name="magnify-clip.png" server="squirreltao.dreamfishery.com" local="129160894145998888" remote="129160809600000000" />
<file name="magnifyingglass.gif" server="squirreltao.dreamfishery.com" local="129161224457278888" remote="129161120400000000" />
<file name="magnifyingglass.jpeg" server="squirreltao.dreamfishery.com" local="129160894146148888" remote="129160809600000000" />
<file name="magnifyingglass.jpg" server="squirreltao.dreamfishery.com" local="129160894146248888" remote="129160809600000000" />
<file name="mail_icon.gif" server="squirreltao.dreamfishery.com" local="129160894146268888" remote="129160809600000000" />
<file name="main.css" server="squirreltao.dreamfishery.com" local="129164391432449854" remote="129164287200000000" />
<file name="news_icon.png" server="squirreltao.dreamfishery.com" local="129160894146298888" remote="129160809600000000" />
<file name="Opera6Fixes.css" server="squirreltao.dreamfishery.com" local="129160894146308888" remote="129160809600000000" />
<file name="Opera7Fixes.css" server="squirreltao.dreamfishery.com" local="129160894146318888" remote="129160809600000000" />
<file name="p-personal-bg.gif" server="squirreltao.dreamfishery.com" local="129161227098678888" remote="129161122800000000" />
<file name="required.gif" server="squirreltao.dreamfishery.com" local="129160894146348888" remote="129160809600000000" />
<file name="rtl.css" server="squirreltao.dreamfishery.com" local="129160894146518888" remote="129160809600000000" />
<file name="sbbody-l.gif" server="squirreltao.dreamfishery.com" local="129160894146538888" remote="129160809600000000" />
<file name="sbbody-r.gif" server="squirreltao.dreamfishery.com" local="129160894146548888" remote="129160809600000000" />
<file name="sbhead-l.gif" server="squirreltao.dreamfishery.com" local="129160894146558888" remote="129160809600000000" />
<file name="sbhead-r.gif" server="squirreltao.dreamfishery.com" local="129160894146578888" remote="129160809600000000" />
<file name="search.gif" server="squirreltao.dreamfishery.com" local="129161225831188888" remote="129161122200000000" />
<file name="Sheet-c.gif" server="squirreltao.dreamfishery.com" local="129160894146608888" remote="129163364400000000" />
<file name="Sheet-fc.gif" server="squirreltao.dreamfishery.com" local="129160901395438888" remote="129163364400000000" />
<file name="Sheet-fh.gif" server="squirreltao.dreamfishery.com" local="129161209878208888" remote="129163364400000000" />
<file name="Sheet-fs.gif" server="squirreltao.dreamfishery.com" local="129161213226258888" remote="129163364400000000" />
<file name="Sheet-fv.gif" server="squirreltao.dreamfishery.com" local="129161210392098888" remote="129163364400000000" />
<file name="Sheet-h.gif" server="squirreltao.dreamfishery.com" local="129160905775928888" remote="129163364400000000" />
<file name="Sheet-s.gif" server="squirreltao.dreamfishery.com" local="129161222955618888" remote="129163364400000000" />
<file name="Sheet-v.gif" server="squirreltao.dreamfishery.com" local="129160904473568888" remote="129163364400000000" />
<file name="title-navigation.gif" server="squirreltao.dreamfishery.com" local="129164384741718752" remote="129164280600000000" />
<file name="title-search.gif" server="squirreltao.dreamfishery.com" local="129161225549548888" remote="129161122200000000" />
<file name="title-toolbox.gif" server="squirreltao.dreamfishery.com" local="129164383747382816" remote="129164280600000000" />
<file name="user.gif" server="squirreltao.dreamfishery.com" local="129160894146838888" remote="129160809600000000" />
<file name="wiki-indexed.png" server="squirreltao.dreamfishery.com" local="129160894146928888" remote="129160809600000000" />
<file name="wiki.png" server="squirreltao.dreamfishery.com" local="129160894146938888" remote="129160809600000000" />
<file name="Sheet-tl.gif" server="squirreltao.dreamfishery.com" local="129162921492858000" remote="129163364400000000" />
<file name="Sheet-tr.gif" server="squirreltao.dreamfishery.com" local="129162921675308000" remote="129163364400000000" />
<file name="Sheet-c-gr.gif" server="squirreltao.dreamfishery.com" local="129163457135784912" remote="129163364400000000" />
<file name="Sheet-c-yel.gif" server="squirreltao.dreamfishery.com" local="129163456881014912" remote="129163364400000000" />
<file name="Sheet-h-gr.gif" server="squirreltao.dreamfishery.com" local="129163459390014912" remote="129163364400000000" />
<file name="Sheet-h-yel.gif" server="squirreltao.dreamfishery.com" local="129163459117394912" remote="129163364400000000" />
<file name="Sheet-s-gr.gif" server="squirreltao.dreamfishery.com" local="129163459820684912" remote="129163364400000000" />
<file name="Sheet-s-yel.gif" server="squirreltao.dreamfishery.com" local="129163460030224912" remote="129163364400000000" />
<file name="Sheet-tl-gr.gif" server="squirreltao.dreamfishery.com" local="129163461708364912" remote="129163364400000000" />
<file name="Sheet-tl-yel.gif" server="squirreltao.dreamfishery.com" local="129163460983934912" remote="129163364400000000" />
<file name="Sheet-tr-gr.gif" server="squirreltao.dreamfishery.com" local="129163461584374912" remote="129163364400000000" />
<file name="Sheet-tr-yel.gif" server="squirreltao.dreamfishery.com" local="129163461163604912" remote="129163364400000000" />
<file name="Sheet-v-gr.gif" server="squirreltao.dreamfishery.com" local="129163457493744912" remote="129163364400000000" />
<file name="Sheet-v-yel.gif" server="squirreltao.dreamfishery.com" local="129163457700384912" remote="129163364400000000" />
</dwsync>