<?xml version="1.0" encoding="utf-8" ?>
<dwsync>
<file name="bg-p-caction-s.gif" server="squirreltao.dreamfishery.com" local="129155986155796862" remote="129155882400000000" />
<file name="bg-p-caction.gif" server="squirreltao.dreamfishery.com" local="129155986155816862" remote="129155882400000000" />
<file name="bg.jpg" server="squirreltao.dreamfishery.com" local="129155986155826862" remote="129155882400000000" />
<file name="brownbody-r.gif" server="squirreltao.dreamfishery.com" local="129155986155846862" remote="129155882400000000" />
<file name="brownhead-r.gif" server="squirreltao.dreamfishery.com" local="129155986155856862" remote="129155882400000000" />
<file name="bullet.gif" server="squirreltao.dreamfishery.com" local="129155986155866862" remote="129155882400000000" />
<file name="csbbody-l.gif" server="squirreltao.dreamfishery.com" local="129155986155876862" remote="129155882400000000" />
<file name="csbbody-r.gif" server="squirreltao.dreamfishery.com" local="129155986155896862" remote="129155882400000000" />
<file name="csbhead-l.gif" server="squirreltao.dreamfishery.com" local="129155986155906862" remote="129155882400000000" />
<file name="csbhead-r.gif" server="squirreltao.dreamfishery.com" local="129155986155916862" remote="129155882400000000" />
<file name="discussionitem_icon.gif" server="squirreltao.dreamfishery.com" local="129155986155926862" remote="129155882400000000" />
<file name="external.png" server="squirreltao.dreamfishery.com" local="129155986155936862" remote="129155882400000000" />
<file name="fbbody-l.gif" server="squirreltao.dreamfishery.com" local="129155986155946862" remote="129155882400000000" />
<file name="fbbody-r.gif" server="squirreltao.dreamfishery.com" local="129155986155956862" remote="129155882400000000" />
<file name="fbhead-l.gif" server="squirreltao.dreamfishery.com" local="129155986155966862" remote="129155882400000000" />
<file name="fbhead-r.gif" server="squirreltao.dreamfishery.com" local="129155986155986862" remote="129155882400000000" />
<file name="file_icon.gif" server="squirreltao.dreamfishery.com" local="129155986155996862" remote="129155882400000000" />
<file name="go.gif" server="squirreltao.dreamfishery.com" local="129155986156006862" remote="129155882400000000" />
<file name="headbg.jpg" server="squirreltao.dreamfishery.com" local="129155986156016862" remote="129155882400000000" />
<file name="IE50Fixes.css" server="squirreltao.dreamfishery.com" local="129155986156026862" remote="129155882400000000" />
<file name="IE55Fixes.css" server="squirreltao.dreamfishery.com" local="129155986156046862" remote="129155882400000000" />
<file name="ie6.php" server="squirreltao.dreamfishery.com" local="129155986156056862" remote="129155882400000000" />
<file name="IE60Fixes.css" server="squirreltao.dreamfishery.com" local="129155986156066862" remote="129155882400000000" />
<file name="IE70Fixes.css" server="squirreltao.dreamfishery.com" local="129156062023006862" remote="129155958000000000" />
<file name="IEMacFixes.css" server="squirreltao.dreamfishery.com" local="129155986156086862" remote="129155882400000000" />
<file name="KHTMLFixes.css" server="squirreltao.dreamfishery.com" local="129155986156096862" remote="129155882400000000" />
<file name="link_icon.gif" server="squirreltao.dreamfishery.com" local="129155986156116862" remote="129155882400000000" />
<file name="lock_icon.gif" server="squirreltao.dreamfishery.com" local="129155986156126862" remote="129155882400000000" />
<file name="magnify-clip.png" server="squirreltao.dreamfishery.com" local="129155986156146862" remote="129155882400000000" />
<file name="magnifyingglass.gif" server="squirreltao.dreamfishery.com" local="129155986156156862" remote="129155882400000000" />
<file name="magnifyingglass.jpeg" server="squirreltao.dreamfishery.com" local="129155986156166862" remote="129155882400000000" />
<file name="magnifyingglass.jpg" server="squirreltao.dreamfishery.com" local="129155986156176862" remote="129155882400000000" />
<file name="mail_icon.gif" server="squirreltao.dreamfishery.com" local="129155986156196862" remote="129155882400000000" />
<file name="main.css" server="squirreltao.dreamfishery.com" local="129156059919056862" remote="129155955600000000" />
<file name="news_icon.png" server="squirreltao.dreamfishery.com" local="129155986156216862" remote="129155882400000000" />
<file name="Opera6Fixes.css" server="squirreltao.dreamfishery.com" local="129155986156226862" remote="129155882400000000" />
<file name="Opera7Fixes.css" server="squirreltao.dreamfishery.com" local="129155986156236862" remote="129155882400000000" />
<file name="p-personal-bg.gif" server="squirreltao.dreamfishery.com" local="129155986156246862" remote="129155882400000000" />
<file name="required.gif" server="squirreltao.dreamfishery.com" local="129155986156266862" remote="129155882400000000" />
<file name="rtl.css" server="squirreltao.dreamfishery.com" local="129155986156276862" remote="129155882400000000" />
<file name="sbbody-l.gif" server="squirreltao.dreamfishery.com" local="129155986156286862" remote="129155882400000000" />
<file name="sbbody-r.gif" server="squirreltao.dreamfishery.com" local="129155986156296862" remote="129155882400000000" />
<file name="sbhead-l.gif" server="squirreltao.dreamfishery.com" local="129155986156306862" remote="129155882400000000" />
<file name="sbhead-r.gif" server="squirreltao.dreamfishery.com" local="129155986156326862" remote="129155882400000000" />
<file name="search.gif" server="squirreltao.dreamfishery.com" local="129155986156336862" remote="129155882400000000" />
<file name="Sheet-c.gif" server="squirreltao.dreamfishery.com" local="129155986156436862" remote="129155883000000000" />
<file name="Sheet-fc.gif" server="squirreltao.dreamfishery.com" local="129155986156446862" remote="129155883000000000" />
<file name="Sheet-fh.gif" server="squirreltao.dreamfishery.com" local="129155986156456862" remote="129155883000000000" />
<file name="Sheet-fs.gif" server="squirreltao.dreamfishery.com" local="129155986156466862" remote="129155883000000000" />
<file name="Sheet-fv.gif" server="squirreltao.dreamfishery.com" local="129155986156476862" remote="129155883000000000" />
<file name="Sheet-h.gif" server="squirreltao.dreamfishery.com" local="129155986156486862" remote="129155883000000000" />
<file name="Sheet-s.gif" server="squirreltao.dreamfishery.com" local="129155986156496862" remote="129155883000000000" />
<file name="Sheet-v.gif" server="squirreltao.dreamfishery.com" local="129155986156506862" remote="129155883000000000" />
<file name="title-navigation.gif" server="squirreltao.dreamfishery.com" local="129155986156526862" remote="129155883000000000" />
<file name="title-search.gif" server="squirreltao.dreamfishery.com" local="129155986156536862" remote="129155883000000000" />
<file name="title-toolbox.gif" server="squirreltao.dreamfishery.com" local="129155986156546862" remote="129155883000000000" />
<file name="user.gif" server="squirreltao.dreamfishery.com" local="129155986156556862" remote="129155883000000000" />
<file name="wiki-indexed.png" server="squirreltao.dreamfishery.com" local="129155986156566862" remote="129155883000000000" />
<file name="wiki.png" server="squirreltao.dreamfishery.com" local="129155986156586862" remote="129155883000000000" />
</dwsync>